folio,section,currier,words,n_peers,anomaly_score,main_reason,known_key_like,single_glyph_words,rare_letters,mean_word_length,ending_distance,letter_pair_distance
f57v,Herbal,B,182,27.0,21.107967619871502,single_glyph_words,True,0.6098901098901099,0.09911894273127753,2.4945054945054945,0.5264336151801844,0.37808053981005224
f86v3,Cosmological,B,281,6.0,5.944587401449399,ending_distance,False,0.0071174377224199285,0.0199468085106383,5.352313167259786,0.23008052169841664,0.20627132435298293
f67v2,Astronomical/Zodiac,B,62,25.0,5.876371371924932,rare_letters,False,0.03225806451612903,0.05573770491803279,4.919354838709677,0.22070773403380636,0.41132694184834384
f65v,Herbal,A,45,88.0,5.015687735766496,letter_pair_distance,False,0.044444444444444446,0.05188679245283019,4.711111111111111,0.3651494704126284,0.48738010979079077
fRos,Cosmological,B,539,6.0,4.565103022135594,single_glyph_words,False,0.05009276437847866,0.036181678214010776,4.820037105751392,0.17868169566282774,0.24929951059139957
f17r,Herbal,A,80,88.0,4.508934927697087,rare_letters,False,0.05,0.06578947368421052,4.75,0.23830088713652045,0.26755394232708196
f3r,Herbal,A,114,88.0,4.341200656168216,rare_letters,False,0.02631578947368421,0.06394316163410302,4.93859649122807,0.3242813790229099,0.2573293727471092
f105v,Stars/Recipes,B,399,22.0,4.059391113889904,ending_distance,False,0.03258145363408521,0.03248031496062992,5.0927318295739346,0.2922387490465294,0.24518657722032786
f49v,Herbal,A,162,88.0,4.037805115674252,single_glyph_words,True,0.16049382716049382,0.014248704663212436,4.765432098765432,0.18441991904775076,0.2291710187274091
f27v,Herbal,A,61,88.0,3.62856670534676,letter_pair_distance,False,0.01639344262295082,0.017605633802816902,4.655737704918033,0.39353330579261836,0.4280831343925034
f67r1,Astronomical/Zodiac,B,167,25.0,3.519877092967318,single_glyph_words,False,0.08383233532934131,0.0149812734082397,4.796407185628743,0.1949804095512678,0.23483429863124916
f52r,Herbal,A,69,88.0,3.313562840725513,rare_letters,False,0.028985507246376812,0.05263157894736842,4.681159420289855,0.20500639307514934,0.28574829572477917
f116r,Stars/Recipes,B,553,22.0,3.2984959699843572,mean_word_length,False,0.045207956600361664,0.01732283464566929,4.593128390596745,0.2078664819267916,0.17964268543636408
f33v,Herbal,B,113,27.0,3.2742673527147743,mean_word_length,False,0.008849557522123894,0.02247191011235955,3.938053097345133,0.2646382465822946,0.2693257801967733
f31r,Herbal,B,103,27.0,3.178793976659721,rare_letters,False,0.04854368932038835,0.009671179883945842,5.019417475728155,0.2665739546771368,0.2774300951294027
f11r,Herbal,A,59,88.0,3.1714170724625035,single_glyph_words,False,0.13559322033898305,0.012048192771084338,4.220338983050848,0.24062297561046733,0.2930816191295278
f69v,Astronomical/Zodiac,B,140,25.0,3.162946479973024,single_glyph_words,False,0.07857142857142857,0.003257328990228013,4.385714285714286,0.15805058006892875,0.23952063308647134
f38v,Herbal,A,67,88.0,3.127407645960464,single_glyph_words,False,0.13432835820895522,0.007434944237918215,4.014925373134329,0.3042286415137989,0.37226057792701445
f13v,Herbal,A,69,88.0,2.9919351504672305,single_glyph_words,False,0.13043478260869565,0.010416666666666666,4.173913043478261,0.2622551773209003,0.27212362055230727
f5v,Herbal,A,47,88.0,2.9644850453635567,ending_distance,False,0.06382978723404255,0.021551724137931036,4.9361702127659575,0.37924507118743195,0.3216656879183242
f55v,Herbal,B,105,27.0,2.9605804246235174,rare_letters,False,0.0380952380952381,0.010706638115631691,4.447619047619048,0.2390856461774221,0.2876053279448984
f58v,Herbal,A,375,88.0,2.8361232181628164,letter_pair_distance,False,0.02666666666666667,0.022434099831744252,4.754666666666667,0.28521365554276945,0.3942075741972546
f2r,Herbal,A,104,88.0,2.716736430139375,ending_distance,False,0.04807692307692308,0.015021459227467811,4.480769230769231,0.09478972584508917,0.255106198964991
f53v,Herbal,A,73,88.0,2.6897289475698853,mean_word_length,False,0.0136986301369863,0.02295918367346939,5.36986301369863,0.22475500818747374,0.28975880465533355
f85r2,Cosmological,B,156,6.0,2.642954381236397,single_glyph_words,False,0.0,0.022641509433962263,5.096153846153846,0.16396851584519145,0.18331314049169584
f93r,Pharmaceutical,A,152,25.0,2.6305806562356717,single_glyph_words,False,0.09868421052631579,0.021220159151193633,4.9605263157894735,0.17235602680356318,0.3123180152570374
f20r,Herbal,A,88,88.0,2.6231881947124704,mean_word_length,False,0.022727272727272728,0.014861995753715499,5.3522727272727275,0.21342557294703327,0.27296831316245973
f9r,Herbal,A,85,88.0,2.6140803809256172,ending_distance,False,0.047058823529411764,0.007556675062972292,4.670588235294118,0.0999296525415739,0.20963297176228404
f51r,Herbal,A,89,88.0,2.5657118578254896,mean_word_length,False,0.02247191011235955,0.02736842105263158,5.337078651685394,0.27686851285406017,0.30998403052502965
f30v,Herbal,A,63,88.0,2.5515440212819174,mean_word_length,False,0.015873015873015872,0.011904761904761904,5.333333333333333,0.15727810858758848,0.21159519436944665
f40r,Herbal,B,103,27.0,2.471987934123859,mean_word_length,False,0.038834951456310676,0.02564102564102564,4.165048543689321,0.20622538843625132,0.3113971235143024
f27r,Herbal,A,94,88.0,2.451963103578502,mean_word_length,False,0.06382978723404255,0.013262599469496022,4.01063829787234,0.186596952683078,0.2535539541942835
f68r2,Astronomical/Zodiac,B,81,25.0,2.4426927049747293,letter_pair_distance,False,0.037037037037037035,0.012875536480686695,5.753086419753086,0.2725137973861047,0.31465053605262855
f90r2,Pharmaceutical,A,47,25.0,2.437319750696875,ending_distance,False,0.0851063829787234,0.004629629629629629,4.595744680851064,0.3598163045385058,0.28380157452580523
f72v1,Astronomical/Zodiac,B,104,25.0,2.4244088276726985,rare_letters,False,0.038461538461538464,0.03314917127071823,5.221153846153846,0.17376765564076738,0.23180565150231405
f25r,Herbal,A,47,88.0,2.4174017391140796,mean_word_length,False,0.06382978723404255,0.008032128514056224,5.297872340425532,0.28755127244434114,0.3095770819209751
f18v,Herbal,A,69,88.0,2.3920376924930333,letter_pair_distance,False,0.043478260869565216,0.02364864864864865,4.2898550724637685,0.21585589634123503,0.3752237019086134
f77v,Biological,B,332,19.0,2.389375468895072,single_glyph_words,False,0.006024096385542169,0.004708652148322542,5.117469879518072,0.18022164162539617,0.14222236715430797
f96v,Pharmaceutical,A,56,25.0,2.382565410193635,letter_pair_distance,False,0.017857142857142856,0.022222222222222223,5.625,0.2970918216710953,0.3698896404231802
f67r2,Astronomical/Zodiac,B,190,25.0,2.3799812538864207,letter_pair_distance,False,0.042105263157894736,0.028089887640449437,4.684210526315789,0.1858969927410992,0.312666731103808
f26r,Herbal,B,90,27.0,2.336612050381872,single_glyph_words,False,0.1,0.023255813953488372,4.777777777777778,0.2606644912488876,0.2687359640680142
f8r,Herbal,A,150,88.0,2.3363499927598363,ending_distance,False,0.03333333333333333,0.02753623188405797,4.6,0.11383544618443948,0.19467936120711088
f68r1,Astronomical/Zodiac,B,65,25.0,2.3153017475990425,letter_pair_distance,False,0.0,0.023017902813299233,6.015384615384615,0.3177448131722486,0.3106206689822429
f106v,Stars/Recipes,B,444,22.0,2.2987527451069236,single_glyph_words,False,0.006756756756756757,0.02029598308668076,5.326576576576577,0.14727827511510364,0.15640223955533158
f41r,Herbal,B,97,27.0,2.2644046078938804,mean_word_length,False,0.010309278350515464,0.024344569288389514,5.505154639175258,0.2925518222047881,0.34302764252486084
f76r,Biological,B,569,19.0,2.242453809169594,single_glyph_words,False,0.043936731107205626,0.010301692420897719,4.776801405975395,0.12015502062308271,0.11553851680785336
f39v,Herbal,B,146,27.0,2.2080522068837847,mean_word_length,False,0.0410958904109589,0.024232633279483037,4.239726027397261,0.22509762598400795,0.2518888225206988
f82r,Biological,B,291,19.0,2.1961985509315056,mean_word_length,False,0.024054982817869417,0.006377551020408163,5.3883161512027495,0.16400618278197338,0.12982962402915604
f54v,Herbal,A,93,88.0,2.191839270960718,rare_letters,False,0.07526881720430108,0.04028436018957346,4.537634408602151,0.2553216052995107,0.2884165641991817
f90v2,Pharmaceutical,A,68,25.0,2.1815923262881625,single_glyph_words,False,0.08823529411764706,0.027692307692307693,4.779411764705882,0.20864923747276687,0.2743688777966656
f71v,Astronomical/Zodiac,B,100,25.0,2.1677977157222523,single_glyph_words,False,0.0,0.026694045174537988,4.87,0.2757727120348643,0.23186301779916174
f83r,Biological,B,345,19.0,2.161289851789549,mean_word_length,False,0.020289855072463767,0.009698275862068966,5.379710144927536,0.15538231791956947,0.15918725359632638
f7r,Herbal,A,66,88.0,2.1503366500708356,mean_word_length,False,0.030303030303030304,0.008695652173913044,5.2272727272727275,0.2318796824331879,0.24776504789505494
f24r,Herbal,A,110,88.0,2.1139245525155466,mean_word_length,False,0.08181818181818182,0.03547671840354767,4.1,0.23333708092550537,0.30691079558470047
f57r,Herbal,B,87,27.0,2.1040002019867696,mean_word_length,False,0.034482758620689655,0.031578947368421054,5.459770114942529,0.28782304165048483,0.302659494994771
f82v,Biological,B,319,19.0,2.091077586512225,ending_distance,False,0.02821316614420063,0.006658595641646489,5.178683385579937,0.07838691464708149,0.11405356289944593
f66r,Herbal,B,344,27.0,2.0797666178201903,single_glyph_words,False,0.09302325581395349,0.02264600715137068,4.877906976744186,0.16164077713364824,0.18274599844926726
f13r,Herbal,A,77,88.0,2.0685522753412724,single_glyph_words,False,0.1038961038961039,0.02318840579710145,4.48051948051948,0.2545544122092958,0.32030574315690774
f75v,Biological,B,359,19.0,2.058095946367324,letter_pair_distance,False,0.033426183844011144,0.006571087216248507,4.662952646239554,0.10350544115255712,0.10477108460235221
f81r,Biological,B,210,19.0,2.0577461551907237,rare_letters,False,0.023809523809523808,0.015197568389057751,4.7,0.13261735299101846,0.15609347160029635
f19r,Herbal,A,76,88.0,2.056627998873021,ending_distance,False,0.02631578947368421,0.005865102639296188,4.4868421052631575,0.3337892144153487,0.30098054429360693
f72r2,Astronomical/Zodiac,B,113,25.0,2.035041634061634,single_glyph_words,False,0.061946902654867256,0.014598540145985401,4.849557522123894,0.21356038258693125,0.28914478156736
f106r,Stars/Recipes,B,432,22.0,2.0312395234035274,single_glyph_words,False,0.009259259259259259,0.020510673922143157,5.530092592592593,0.12157194856262288,0.12641171524482245
f102v2,Pharmaceutical,A,190,25.0,2.008648673271344,single_glyph_words,False,0.08421052631578947,0.009334889148191364,4.510526315789473,0.26252851618748685,0.27295037712825854
f77r,Biological,B,332,19.0,1.977243359405942,mean_word_length,False,0.02710843373493976,0.007340485601355167,5.3343373493975905,0.20477652076139047,0.15936894077941938
f54r,Herbal,A,110,88.0,1.9763677395288866,mean_word_length,False,0.08181818181818182,0.03736263736263736,4.136363636363637,0.25807343781620307,0.2793777906563231
f24v,Herbal,A,85,88.0,1.9732971674543542,rare_letters,False,0.047058823529411764,0.03787878787878788,4.658823529411765,0.26408435893158894,0.22912197557792302
f32v,Herbal,A,89,88.0,1.972086027091202,single_glyph_words,False,0.10112359550561797,0.015915119363395226,4.235955056179775,0.23801458858553365,0.2770092835225875
f83v,Biological,B,261,19.0,1.9576293021458864,mean_word_length,False,0.011494252873563218,0.005751258087706686,5.329501915708812,0.1465263931608079,0.13291024727324535
f14v,Herbal,A,75,88.0,1.9432471099771988,ending_distance,False,0.05333333333333334,0.01524390243902439,4.373333333333333,0.32811230144070924,0.3249662816047368
f112v,Stars/Recipes,B,419,22.0,1.9077161360476327,letter_pair_distance,False,0.01909307875894988,0.01981981981981982,5.298329355608592,0.13752766699832103,0.11644991353577389
f70r2,Astronomical/Zodiac,B,246,25.0,1.8989054425382539,letter_pair_distance,False,0.04878048780487805,0.019748653500897665,4.528455284552845,0.18484257101999993,0.17730904990685356
f50v,Herbal,B,100,27.0,1.8850342892742915,rare_letters,False,0.03,0.015810276679841896,5.06,0.13776852127343056,0.1950841394562932
f73v,Astronomical/Zodiac,B,99,25.0,1.8620916164436119,rare_letters,False,0.04040404040404041,0.029469548133595286,5.141414141414141,0.2540383730062014,0.2430294317802018
f51v,Herbal,A,82,88.0,1.8441888650700426,mean_word_length,False,0.04878048780487805,0.016587677725118485,5.146341463414634,0.2457871670163584,0.2694806171778802
f22v,Herbal,A,77,88.0,1.8317295558669786,ending_distance,False,0.03896103896103896,0.015915119363395226,4.896103896103896,0.32252868451907746,0.27411306042884986
f33r,Herbal,B,74,27.0,1.8299631792342639,ending_distance,False,0.02702702702702703,0.027855153203342618,4.851351351351352,0.32815055977146323,0.2571193215010698
f3v,Herbal,A,85,88.0,1.8270897792064569,rare_letters,False,0.07058823529411765,0.03626943005181347,4.541176470588235,0.22362659278974814,0.23940878459672327
f72v2,Astronomical/Zodiac,B,108,25.0,1.8248219971123254,letter_pair_distance,False,0.027777777777777776,0.021702838063439065,5.546296296296297,0.11836601307189543,0.17965259487529447
f11v,Herbal,A,50,88.0,1.8112995639449,mean_word_length,False,0.04,0.028708133971291867,4.18,0.23812914313773637,0.3213454638404229
f6r,Herbal,A,86,88.0,1.810105164328275,rare_letters,False,0.05813953488372093,0.03608247422680412,4.511627906976744,0.25368049780632584,0.24073822629098138
f45v,Herbal,A,85,88.0,1.8036191519193143,rare_letters,False,0.047058823529411764,0.036011080332409975,4.247058823529412,0.20426146047125548,0.2504935070244444
f76v,Biological,B,400,19.0,1.7973969659249103,mean_word_length,False,0.0275,0.010396975425330813,5.29,0.21674778761061952,0.1624287017330495
f78r,Biological,B,298,19.0,1.794296554326515,single_glyph_words,False,0.040268456375838924,0.009735744089012517,4.825503355704698,0.13518811306143522,0.17113600321547898
f103v,Stars/Recipes,B,454,22.0,1.784638299985719,mean_word_length,False,0.024229074889867842,0.015267175572519083,4.905286343612334,0.17419248732524845,0.16530184520758862
f28v,Herbal,A,68,88.0,1.78395647614602,ending_distance,False,0.04411764705882353,0.016339869281045753,4.5,0.14149345761926815,0.2678526334064616
f6v,Herbal,A,115,88.0,1.7817141907276768,single_glyph_words,False,0.09565217391304348,0.027559055118110236,4.417391304347826,0.20500906581729555,0.31113284954592474
f42v,Herbal,A,115,88.0,1.7817141907276768,single_glyph_words,False,0.09565217391304348,0.00998003992015968,4.356521739130435,0.16938820529099385,0.23882852793715018
f46r,Herbal,B,163,27.0,1.7719527051884307,rare_letters,False,0.04294478527607362,0.03316326530612245,4.809815950920245,0.1381093579674612,0.1980829602885893
f80r,Biological,B,446,19.0,1.770671870235241,letter_pair_distance,False,0.02914798206278027,0.010323159784560144,4.995515695067264,0.20507150909125985,0.203126163934409
f41v,Herbal,B,66,27.0,1.7642306984702552,mean_word_length,False,0.015151515151515152,0.025423728813559324,5.363636363636363,0.2279867898424599,0.2669928115015977
f46v,Herbal,B,111,27.0,1.7561408018900904,rare_letters,False,0.02702702702702703,0.03308823529411765,4.900900900900901,0.19879790237999193,0.19698005458744478
f112r,Stars/Recipes,B,401,22.0,1.7485963555743114,mean_word_length,False,0.032418952618453865,0.023350253807106598,4.912718204488778,0.13803608468814613,0.18254007672138847
f103r,Stars/Recipes,B,531,22.0,1.7314864426706296,ending_distance,False,0.015065913370998116,0.013043478260869565,5.19774011299435,0.21615897768263387,0.18378964108108253
f32r,Herbal,A,76,88.0,1.7198960141290125,letter_pair_distance,False,0.013157894736842105,0.011204481792717087,4.697368421052632,0.15060280010370758,0.19944579465045906
f95v2,Pharmaceutical,B,60,5.0,1.7168644983253203,single_glyph_words,False,0.05,0.016233766233766232,5.133333333333334,0.19929824561403506,0.2610691919447681
f71r,Astronomical/Zodiac,B,90,25.0,1.6882877790037987,rare_letters,False,0.022222222222222223,0.006237006237006237,5.344444444444444,0.14410661914838327,0.2716779479270987
f105r,Stars/Recipes,B,379,22.0,1.6672129960468223,rare_letters,False,0.018469656992084433,0.026625704045058884,5.153034300791557,0.13590650370166518,0.18382207035285983
f36v,Herbal,A,76,88.0,1.6583035007542353,single_glyph_words,False,0.09210526315789473,0.023529411764705882,4.473684210526316,0.22224526834327196,0.280380084836278
f88r,Pharmaceutical,A,150,25.0,1.6576412173820272,rare_letters,False,0.03333333333333333,0.033566433566433566,4.766666666666667,0.24808988764044945,0.24551725981084854
f36r,Herbal,A,62,88.0,1.6503460155759884,ending_distance,False,0.08064516129032258,0.03225806451612903,4.5,0.14818325309136482,0.3195237904750991
f23r,Herbal,A,110,88.0,1.6313761085267091,rare_letters,False,0.08181818181818182,0.03411513859275053,4.263636363636364,0.15472533896971197,0.30259926710789
f14r,Herbal,A,76,88.0,1.592960315466401,ending_distance,False,0.02631578947368421,0.011494252873563218,4.578947368421052,0.15105652061187452,0.22102029650756275
f104r,Stars/Recipes,B,448,22.0,1.576227618043691,letter_pair_distance,False,0.03571428571428571,0.018257261410788383,5.379464285714286,0.15994472137451585,0.12815099739462857
f68v2,Astronomical/Zodiac,B,103,25.0,1.5696199645434614,ending_distance,False,0.009708737864077669,0.0125,5.436893203883495,0.28572033622206294,0.2741690767757484
f9v,Herbal,A,86,88.0,1.5526054952124013,rare_letters,False,0.011627906976744186,0.03324808184143223,4.546511627906977,0.20713445932383223,0.23052853684570723
f35v,Herbal,A,90,88.0,1.5463934485560968,single_glyph_words,False,0.08888888888888889,0.007125890736342043,4.677777777777778,0.18402829180031252,0.2338998566115956
f10v,Herbal,A,57,88.0,1.5463934485560968,single_glyph_words,False,0.0,0.007518796992481203,4.666666666666667,0.18653526555053315,0.28949091838935004
f47r,Herbal,A,76,88.0,1.5463934485560968,single_glyph_words,False,0.0,0.014285714285714285,4.605263157894737,0.18910422608244754,0.26312520527665184
f101v,Pharmaceutical,A,215,25.0,1.5460791305839394,letter_pair_distance,False,0.046511627906976744,0.010721247563352826,4.772093023255814,0.10184144549148441,0.15375174928091298
f4r,Herbal,A,64,88.0,1.527032341225043,mean_word_length,False,0.015625,0.018518518518518517,5.0625,0.24649532710280372,0.26039858309107167
f69r,Astronomical/Zodiac,B,158,25.0,1.525792319793634,mean_word_length,False,0.03164556962025317,0.012693935119887164,4.487341772151899,0.13683436113815864,0.1961191264737673
f4v,Herbal,A,83,88.0,1.5213701511308122,ending_distance,False,0.03614457831325301,0.01674641148325359,5.036144578313253,0.15464099712049229,0.21618483175495043
f94v,Pharmaceutical,B,97,5.0,1.517581700907703,ending_distance,False,0.020618556701030927,0.020833333333333332,4.948453608247423,0.160688226709975,0.24268165031872624
f28r,Herbal,A,68,88.0,1.5131249428532296,mean_word_length,False,0.029411764705882353,0.011627906976744186,5.0588235294117645,0.16524577350625286,0.2397261474038315
f43v,Herbal,B,151,27.0,1.5130641434013905,letter_pair_distance,False,0.013245033112582781,0.01859229747675963,4.986754966887418,0.15003301254476703,0.18329501911537438
f29v,Herbal,A,94,88.0,1.5118959592919612,ending_distance,False,0.05319148936170213,0.007042253521126761,4.531914893617022,0.1551153642126714,0.23703386319654549
f37v,Herbal,A,89,88.0,1.5031241170577707,mean_word_length,False,0.033707865168539325,0.008888888888888889,5.056179775280899,0.25941931165049487,0.3216428170344853
f80v,Biological,B,376,19.0,1.5007300693533616,single_glyph_words,False,0.013297872340425532,0.012141280353200883,4.819148936170213,0.18364487039325156,0.179348686771438
f23v,Herbal,A,95,88.0,1.4967288521411994,mean_word_length,False,0.07368421052631578,0.027160493827160494,4.2631578947368425,0.24910244998992975,0.28122646584185024
f38r,Herbal,A,44,88.0,1.4679255071607842,rare_letters,False,0.06818181818181818,0.0,4.4772727272727275,0.26962708537782143,0.3082603965635618
f56v,Herbal,A,91,88.0,1.4679255071607842,rare_letters,False,0.06593406593406594,0.0,4.824175824175824,0.28712570587956154,0.289234498081196
f1v,Herbal,A,92,88.0,1.4642676477035612,mean_word_length,False,0.043478260869565216,0.017811704834605598,4.271739130434782,0.2519260483282545,0.2857322631861682
f58r,Herbal,A,378,88.0,1.4607330505742324,mean_word_length,True,0.026455026455026454,0.02779234399580493,5.044973544973545,0.28739538793260977,0.3159003983173111
f95r1,Pharmaceutical,B,102,5.0,1.458692501594286,single_glyph_words,False,0.0,0.011583011583011582,5.078431372549019,0.17522528641941765,0.2234308111567147
f17v,Herbal,A,135,88.0,1.4511819152610652,ending_distance,False,0.022222222222222223,0.020249221183800622,4.7555555555555555,0.3034748928310521,0.25786716700280743
f108v,Stars/Recipes,B,581,22.0,1.4438734861962839,rare_letters,False,0.024096385542168676,0.012075718015665796,5.273666092943201,0.19691769211524926,0.215191212045963
f102r1,Pharmaceutical,A,107,25.0,1.4369611193275305,mean_word_length,False,0.018691588785046728,0.013311148086522463,5.616822429906542,0.16340572401891573,0.21131894539824828
f114v,Stars/Recipes,B,376,22.0,1.4348647364105234,mean_word_length,False,0.03723404255319149,0.019579751671442217,5.569148936170213,0.1473395652376335,0.19096509421738458
f39r,Herbal,B,157,27.0,1.4289585035378678,ending_distance,False,0.025477707006369428,0.025165562913907286,4.808917197452229,0.1116384694868987,0.20982828374132712
f15v,Herbal,A,71,88.0,1.4266248425575647,mean_word_length,False,0.07042253521126761,0.006578947368421052,4.28169014084507,0.21047887323943665,0.32123645332745737
f21r,Herbal,A,104,88.0,1.4222637259498652,letter_pair_distance,False,0.07692307692307693,0.020080321285140562,4.788461538461538,0.19031141868512108,0.2121690495668339
f35r,Herbal,A,94,88.0,1.4147854954874928,single_glyph_words,False,0.0851063829787234,0.004454342984409799,4.776595744680851,0.24165559331291978,0.2818083219001534
f25v,Herbal,A,59,88.0,1.4022381270805282,single_glyph_words,False,0.0847457627118644,0.014084507042253521,4.813559322033898,0.256628541314731,0.3018016024673976
f55r,Herbal,B,124,27.0,1.4021661280422326,mean_word_length,False,0.04032258064516129,0.02527075812274368,4.467741935483871,0.19963846220770054,0.2810436370605012
f7v,Herbal,A,78,88.0,1.396253949061695,ending_distance,False,0.0641025641025641,0.011111111111111112,4.615384615384615,0.1609054901737828,0.23569196817801072
f48r,Herbal,B,89,27.0,1.392384762831339,mean_word_length,False,0.0449438202247191,0.019230769230769232,5.258426966292135,0.20892145494288722,0.2596336638014209
f102r2,Pharmaceutical,A,144,25.0,1.3741524078228886,single_glyph_words,False,0.06944444444444445,0.019005847953216373,4.75,0.13744484860732206,0.22619107426944668
f88v,Pharmaceutical,A,145,25.0,1.343497604601121,mean_word_length,False,0.020689655172413793,0.016069221260815822,5.5793103448275865,0.23615566382969827,0.18700864617759053
f53r,Herbal,A,60,88.0,1.3418857451259223,letter_pair_distance,False,0.06666666666666667,0.011494252873563218,4.35,0.24537856440511308,0.3303315599672226
f111v,Stars/Recipes,B,567,22.0,1.3382195447961691,ending_distance,False,0.03880070546737213,0.01567398119122257,5.063492063492063,0.2033063656125672,0.18991160216852584
f68v1,Astronomical/Zodiac,B,97,25.0,1.3352749816364888,rare_letters,False,0.05154639175257732,0.008547008547008548,4.824742268041237,0.25378225533589743,0.23548898001513932
f67v1,Astronomical/Zodiac,B,73,25.0,1.3191974670657827,mean_word_length,False,0.0273972602739726,0.0215311004784689,5.726027397260274,0.1613116097028171,0.24772291578161965
f113r,Stars/Recipes,B,529,22.0,1.3167884408438009,ending_distance,False,0.03213610586011342,0.01882845188284519,5.421550094517959,0.11653631741681819,0.15640308360852595
f87v,Pharmaceutical,A,92,25.0,1.3132571324581201,rare_letters,False,0.06521739130434782,0.030303030303030304,5.021739130434782,0.20875987699972756,0.23636180823680852
f45r,Herbal,A,89,88.0,1.3095028926262642,ending_distance,False,0.0449438202247191,0.027848101265822784,4.438202247191011,0.16524906343941914,0.2597828293614072
f89r1,Pharmaceutical,A,141,25.0,1.3040546800346653,rare_letters,False,0.0425531914893617,0.030215827338129497,4.929078014184397,0.2438367462659639,0.26261876646281324
f79v,Biological,B,356,19.0,1.2967457736123449,ending_distance,False,0.016853932584269662,0.011712214166201896,5.036516853932584,0.2101155951241609,0.1653876676815322
f34r,Herbal,B,143,27.0,1.2878890227754962,letter_pair_distance,False,0.03496503496503497,0.02242152466367713,4.678321678321678,0.14854976247381307,0.19342070964773928
f30r,Herbal,A,99,88.0,1.2873801177648225,letter_pair_distance,False,0.030303030303030304,0.0102880658436214,4.909090909090909,0.2638538029423542,0.3280015406150386
f100r,Pharmaceutical,A,110,25.0,1.2817944579295855,mean_word_length,False,0.01818181818181818,0.02618657937806874,5.554545454545455,0.13624362436243626,0.2001534537057075
f81v,Biological,B,255,19.0,1.2676422428824816,letter_pair_distance,False,0.01568627450980392,0.008986928104575163,4.8,0.11473354231974925,0.1250766085825335
f15r,Herbal,A,94,88.0,1.254666637184635,rare_letters,False,0.0425531914893617,0.002347417840375587,4.531914893617022,0.23081508637215925,0.2610560673485955
f8v,Herbal,A,118,88.0,1.2515302909924344,single_glyph_words,False,0.00847457627118644,0.012544802867383513,4.728813559322034,0.2289289595931196,0.23418653339636672
f34v,Herbal,B,117,27.0,1.2499738869778096,letter_pair_distance,False,0.017094017094017096,0.022033898305084745,5.042735042735043,0.14558029689608637,0.19512568011922313
f42r,Herbal,A,140,88.0,1.2431760232846387,ending_distance,False,0.05714285714285714,0.014947683109118086,4.7785714285714285,0.1685700099304866,0.22781411414824188
f95r2,Pharmaceutical,B,79,5.0,1.239572070557836,rare_letters,False,0.02531645569620253,0.026041666666666668,4.860759493670886,0.19700755052187427,0.19630572797849594
f90r1,Pharmaceutical,A,69,25.0,1.2345556999153853,letter_pair_distance,False,0.043478260869565216,0.0223463687150838,5.188405797101449,0.25308626066338497,0.3067308600308784
f73r,Astronomical/Zodiac,B,96,25.0,1.2235201401026305,ending_distance,False,0.020833333333333332,0.02448210922787194,5.53125,0.11616658297065059,0.2332455742515045
f89r2,Pharmaceutical,A,234,25.0,1.2203011596049989,letter_pair_distance,False,0.029914529914529916,0.016891891891891893,5.05982905982906,0.12547242930539906,0.17167471556028488
f89v2,Pharmaceutical,A,181,25.0,1.2192026554831035,rare_letters,False,0.04419889502762431,0.029411764705882353,4.696132596685083,0.20257713974072783,0.24125954107734993
f115r,Stars/Recipes,B,459,22.0,1.2078468565814025,rare_letters,False,0.02832244008714597,0.013179571663920923,5.289760348583878,0.17259088778076118,0.1968949724560004
f68r3,Astronomical/Zodiac,B,106,25.0,1.2007247187709966,letter_pair_distance,False,0.04716981132075472,0.01391304347826087,5.4245283018867925,0.23837470924889564,0.27536230089700814
f66v,Herbal,B,114,27.0,1.1907584217899863,rare_letters,False,0.008771929824561403,0.030405405405405407,5.192982456140351,0.21170569087792682,0.24032753395976078
f114r,Stars/Recipes,B,460,22.0,1.1903982421462243,ending_distance,False,0.02826086956521739,0.019647153167602245,5.421739130434783,0.19847532117704458,0.21749610828708954
f72v3,Astronomical/Zodiac,B,118,25.0,1.1698826957012018,mean_word_length,False,0.025423728813559324,0.01347305389221557,5.661016949152542,0.1733215194214994,0.21314119987245117
f104v,Stars/Recipes,B,476,22.0,1.1467423073739509,rare_letters,False,0.03571428571428571,0.013465346534653465,5.304621848739496,0.12374879833789248,0.1498540373562373
f52v,Herbal,A,78,88.0,1.1451137859375693,mean_word_length,False,0.02564102564102564,0.025839793281653745,4.961538461538462,0.27488771391210415,0.2613555023525206
f111r,Stars/Recipes,B,624,22.0,1.1444080569364177,rare_letters,False,0.03685897435897436,0.013476263399693721,5.232371794871795,0.15771694811083878,0.1908951260044597
f47v,Herbal,A,85,88.0,1.1370540062912478,single_glyph_words,False,0.011764705882352941,0.01020408163265306,4.6117647058823525,0.212804687896611,0.25778035373013797
f20v,Herbal,A,86,88.0,1.134499140516914,rare_letters,False,0.046511627906976744,0.028645833333333332,4.465116279069767,0.21057264932755998,0.2512508897872723
f99r,Pharmaceutical,A,194,25.0,1.1290159683091716,ending_distance,False,0.030927835051546393,0.017745302713987474,4.938144329896907,0.11741122565864834,0.1877300057067503
f101r,Pharmaceutical,A,227,25.0,1.120657625375276,mean_word_length,False,0.04405286343612335,0.01055662188099808,4.590308370044053,0.21365501786223068,0.19280091210163425
f84v,Biological,B,341,19.0,1.1176830697374527,rare_letters,False,0.02346041055718475,0.006740196078431373,4.785923753665689,0.1350512387180143,0.17255123949660284
f95v1,Pharmaceutical,B,118,5.0,1.1047585747116477,mean_word_length,False,0.03389830508474576,0.014729950900163666,5.177966101694915,0.18026256960533266,0.203481392557023
f113v,Stars/Recipes,B,502,22.0,1.1031147126807972,mean_word_length,False,0.03386454183266932,0.022108172127911566,5.0458167330677295,0.14078419111229612,0.1523888403563529
f37r,Herbal,A,78,88.0,1.100318415318761,single_glyph_words,False,0.01282051282051282,0.013440860215053764,4.769230769230769,0.22248753956071027,0.2474188062321706
f56r,Herbal,A,103,88.0,1.0986235615923303,rare_letters,False,0.06796116504854369,0.0040650406504065045,4.776699029126213,0.17789195745094347,0.3118712512516587
f90v1,Pharmaceutical,A,96,25.0,1.0913156015530336,ending_distance,False,0.052083333333333336,0.012448132780082987,5.020833333333333,0.1199737326959466,0.22483588283609304
f75r,Biological,B,418,19.0,1.0794181588103589,single_glyph_words,False,0.01674641148325359,0.010040160642570281,4.76555023923445,0.17208189607210417,0.13958957731624902
f78v,Biological,B,295,19.0,1.0427132253067406,mean_word_length,False,0.030508474576271188,0.009601181683899557,4.589830508474576,0.18506977939885103,0.133433719888838
f44v,Herbal,A,100,88.0,1.0216438224091868,letter_pair_distance,False,0.05,0.008733624454148471,4.58,0.18277667984189722,0.22929484323829713
f22r,Herbal,A,110,88.0,1.0210684273553705,rare_letters,False,0.05454545454545454,0.0273972602739726,4.6454545454545455,0.23092887819575922,0.2671006865529327
f100v,Pharmaceutical,A,93,25.0,1.0106478949121662,rare_letters,False,0.03225806451612903,0.008281573498964804,5.193548387096774,0.1410784785748676,0.23557262409721452
f5r,Herbal,A,54,88.0,1.010398246153626,mean_word_length,False,0.018518518518518517,0.007518796992481203,4.925925925925926,0.2578400065503971,0.2945882907842946
f94r,Pharmaceutical,B,79,5.0,1.0017093256961387,letter_pair_distance,False,0.012658227848101266,0.022900763358778626,4.974683544303797,0.19012325116588938,0.17901886662178734
f44r,Herbal,A,74,88.0,0.9988108474797611,letter_pair_distance,False,0.04054054054054054,0.025069637883008356,4.851351351351352,0.27822996599160105,0.31566571371490343
f86v5,Cosmological,B,390,6.0,0.9928717809823118,mean_word_length,False,0.017948717948717947,0.027442371020856202,4.671794871794872,0.15467526485490563,0.22019443934980462
f48v,Herbal,B,128,27.0,0.9844226432842047,mean_word_length,False,0.046875,0.028960817717206135,4.5859375,0.18596703420342037,0.2507803636116004
f99v,Pharmaceutical,A,176,25.0,0.961936084334249,rare_letters,False,0.017045454545454544,0.008743169398907104,5.198863636363637,0.17416590143862876,0.27876283882685465
f96r,Pharmaceutical,A,84,25.0,0.9402628863392579,rare_letters,False,0.03571428571428571,0.008948545861297539,5.321428571428571,0.20435858177745642,0.2610655320418228
f102v1,Pharmaceutical,A,128,25.0,0.9384608369118904,single_glyph_words,False,0.015625,0.016467065868263474,5.21875,0.19699754901960784,0.1889684333919452
f72r3,Astronomical/Zodiac,B,164,25.0,0.9289827418978831,ending_distance,False,0.042682926829268296,0.018411967779056387,5.298780487804878,0.13404607324593287,0.2189428129607397
f85r1,Cosmological,B,347,6.0,0.9227324818287228,letter_pair_distance,False,0.023054755043227664,0.029099048684946838,5.14985590778098,0.14478065180083596,0.17618106751634827
f115v,Stars/Recipes,B,410,22.0,0.8984332470183701,mean_word_length,False,0.02195121951219512,0.020554066130473638,5.458536585365854,0.15957113956937033,0.15998105493100545
f31v,Herbal,B,110,27.0,0.8919990027468273,rare_letters,False,0.05454545454545454,0.020522388059701493,4.872727272727273,0.19748514690323107,0.24705293084084637
f29r,Herbal,A,65,88.0,0.8770081197865032,ending_distance,False,0.03076923076923077,0.009900990099009901,4.661538461538462,0.2747263559217809,0.3017067707147256
f72r1,Astronomical/Zodiac,B,105,25.0,0.8754960925233972,single_glyph_words,False,0.01904761904761905,0.016605166051660517,5.161904761904762,0.24112059867600494,0.22744825416190273
f108r,Stars/Recipes,B,494,22.0,0.863872528054104,ending_distance,False,0.022267206477732792,0.018809980806142036,5.27327935222672,0.18780392127837525,0.1946215976054776
f43r,Herbal,B,153,27.0,0.8636036986818668,single_glyph_words,False,0.013071895424836602,0.02288021534320323,4.856209150326797,0.22234274604642337,0.2203825420122023
f93v,Pharmaceutical,A,88,25.0,0.8598683110060936,letter_pair_distance,False,0.03409090909090909,0.023504273504273504,5.318181818181818,0.18923248882265276,0.2861170984049849
f49r,Herbal,A,114,88.0,0.8592332299329108,mean_word_length,False,0.03508771929824561,0.01615798922800718,4.885964912280702,0.22834368772711292,0.2781953780979295
f21v,Herbal,A,58,88.0,0.8531825923068119,single_glyph_words,False,0.06896551724137931,0.0070921985815602835,4.862068965517241,0.26580706943161503,0.27906769311814567
f87r,Pharmaceutical,A,102,25.0,0.8527669198664469,mean_word_length,False,0.0392156862745098,0.018214936247723135,5.382352941176471,0.19130411817525572,0.2505376878726711
f2v,Herbal,A,61,88.0,0.8281488972323359,rare_letters,False,0.03278688524590164,0.007042253521126761,4.655737704918033,0.19704373935736094,0.2641739797871806
f86v4,Cosmological,B,191,6.0,0.8230679707986982,rare_letters,False,0.020942408376963352,0.02178649237472767,4.806282722513089,0.15243848821098316,0.22795797448825292
f84r,Biological,B,368,19.0,0.805437438941817,ending_distance,False,0.02717391304347826,0.011210762331838564,4.8478260869565215,0.1910120611573958,0.1683436129053147
f107v,Stars/Recipes,B,462,22.0,0.8019152491298593,letter_pair_distance,False,0.02813852813852814,0.01517706576728499,5.134199134199134,0.17880843377246255,0.21209613457372065
f70v1,Astronomical/Zodiac,B,86,25.0,0.8016258874863217,letter_pair_distance,False,0.023255813953488372,0.014989293361884369,5.430232558139535,0.19840771003561708,0.2120202322152702
f10r,Herbal,A,92,88.0,0.7900053487188756,single_glyph_words,False,0.021739130434782608,0.016203703703703703,4.695652173913044,0.21304025923859393,0.26782463406039553
f26v,Herbal,B,93,27.0,0.7779133577895048,rare_letters,False,0.043010752688172046,0.028446389496717725,4.913978494623656,0.20692220264092148,0.2625811989360692
f89v1,Pharmaceutical,A,154,25.0,0.7727897582149289,single_glyph_words,False,0.01948051948051948,0.01797175866495507,5.058441558441558,0.1539113060852191,0.204019719378081
f40v,Herbal,B,105,27.0,0.7588472503601146,single_glyph_words,False,0.05714285714285714,0.028056112224448898,4.752380952380952,0.16188489698620806,0.2418965324069192
f18r,Herbal,A,84,88.0,0.7502048035994987,mean_word_length,False,0.023809523809523808,0.014705882352941176,4.857142857142857,0.26799802761341224,0.27409400655280225
f16r,Herbal,A,84,88.0,0.7401650264133722,letter_pair_distance,False,0.03571428571428571,0.02368421052631579,4.523809523809524,0.21456748379825305,0.24132756487921464
f50r,Herbal,B,93,27.0,0.7070376500110944,mean_word_length,False,0.021505376344086023,0.025477707006369428,5.064516129032258,0.19234796822721126,0.2390985284790592
f79r,Biological,B,383,19.0,0.7024698537739903,single_glyph_words,False,0.031331592689295036,0.011314655172413793,4.845953002610966,0.15224741357010968,0.1742428105937507
f86v6,Cosmological,B,490,6.0,0.6744907594765952,letter_pair_distance,False,0.018367346938775512,0.02652300041442188,4.924489795918367,0.15550720288115244,0.18427621679335246
f107r,Stars/Recipes,B,487,22.0,0.6282346159118058,mean_word_length,False,0.022587268993839837,0.019161676646706587,5.143737166324435,0.1402132364555363,0.18417002607140678
f68v3,Astronomical/Zodiac,B,169,25.0,0.6185443056820668,rare_letters,False,0.029585798816568046,0.013237063778580024,4.9171597633136095,0.21617329927345239,0.24340871686020635
f70v2,Astronomical/Zodiac,B,131,25.0,0.6140762985175222,single_glyph_words,False,0.022900763358778626,0.017964071856287425,5.099236641221374,0.15488270340718674,0.23926851854872558
f16v,Herbal,A,76,88.0,0.5736088436221293,rare_letters,False,0.039473684210526314,0.02247191011235955,4.684210526315789,0.25863365309826286,0.29375125948814407
f70r1,Astronomical/Zodiac,B,112,25.0,0.4918773903404631,mean_word_length,False,0.03571428571428571,0.019891500904159132,4.9375,0.17062857623695724,0.22182493235093728
f1r,Herbal,A,214,88.0,0.4734040491919502,ending_distance,True,0.037383177570093455,0.018329938900203666,4.588785046728972,0.20711203010511967,0.26139436292084944
f19v,Herbal,A,78,88.0,0.27247785325549034,letter_pair_distance,False,0.038461538461538464,0.01907356948228883,4.705128205128205,0.21847935262569404,0.2613203659345384
