term,category,latin_root,meaning
beautiful,medical,,
before,medical,,
biuibicup,medical,,
book,medical,,
both,medical,,
case,medical,,
cionii,medical,,
commonly,medical,,
conf,medical,,
conjecture,medical,,
consisting,medical,,
contain,medical,,
could,medical,,
curry,medical,,
cuttl,medical,,
discovered,medical,,
donovan,medical,,
doubt,medical,,
else,medical,,
enable,medical,,
epoce,medical,,
fairly,medical,,
feemoy,medical,,
fekhot,medical,,
fermoy,medical,,
first,medical,,
formed,medical,,
former,medical,,
found,medical,,
generation,medical,,
good,medical,,
great,medical,,
greatly,medical,,
hepate,medical,,
hereditary,medical,,
hickey,medical,,
hickeys,medical,,
imperfect,medical,,
importance,medical,,
indicate,medical,,
injured,medical,,
into,medical,,
irish,medical,,
language,medical,,
lated,medical,,
leet,medical,,
liver,medical,,
llcqclbus,medical,,
loquamup,medical,,
lower,medical,,
many,medical,,
masters,medical,,
meaning,medical,,
medicines,medical,,
membpa,medical,,
membroruttl,medical,,
mixed,medical,,
more,medical,,
nacurqlls,medical,,
name,medical,,
names,medical,,
nation,medical,,
never,medical,,
note,medical,,
older,medical,,
once,medical,,
organs,medical,,
original,medical,,
pagi,medical,,
perhaps,medical,,
philology,medical,,
plants,medical,,
proceeds,medical,,
professional,medical,,
qiep,medical,,
remain,medical,,
same,medical,,
scribbled,medical,,
second,medical,,
seems,medical,,
seneraciuorum,medical,,
sentence,medical,,
sentences,medical,,
small,medical,,
some,medical,,
stave,medical,,
than,medical,,
their,medical,,
then,medical,,
these,medical,,
throughout,medical,,
traces,medical,,
tract,medical,,
trans,medical,,
translates,medical,,
treatise,medical,,
true,medical,,
uenap,medical,,
uipcucep,medical,,
ulrcus,medical,,
upper,medical,,
visible,medical,,
were,medical,,
where,medical,,
which,medical,,
words,medical,,
work,medical,,
would,medical,,
xemains,medical,,
xvii,medical,,
xviii,medical,,
