term,category,meaning,source
hepate,anatomy,liver,From Fragment XVIII: De epOCe [hepate]
liver,anatomy,liver,Explicitly mentioned as main topic
organs of generation,anatomy,reproductive organs,From Fragment XVIII
membrorum generacivorum,anatomy,organs of generation,Latin term in Fragment XVIII
membRORUTTl generaciuoRum,anatomy,organs of generation,Medical hand Fragment XVIII
O'Hickey,source,hereditary physicians,Family name scribbled in margins
hereditary physicians,profession,medical practitioners,O'Hickeys were hereditary physicians
treatise,method,formal medical text,Medical treatises described
fragment,method,part of medical text,Multiple fragments preserved
translates,method,Latin to Irish translation,Translated from Latin originals
plants and medicines,remedy,medicinal plants,Old Irish names for plants and medicines
medicines,remedy,medicinal substances,Referenced in medical fragments
ailments,condition,diseases/illnesses,Medical texts deal with
illness,condition,disease state,Medical texts address
health,concept,state of wellness,Medical tradition focus
medical hand,method,specialized handwriting,Written in 'medical hand'
professional MSS,method,professional manuscripts,O'Hickey professional texts
humoral,theory,four humors theory,Common medieval Irish medicine
bloodletting,treatment,phlebotomy,Standard medieval Irish practice
herbal,remedy,plant-based medicine,Central to Irish medical tradition
regimen,concept,medical lifestyle guidance,Standard in medieval texts
seasons,concept,seasonal medical guidance,Mentioned in regimen texts
