term,category,latin_root,meaning
abscessus,condition,,abscess
acutum,condition,,acute
apostema,condition,,abscess/aposteme
biuibicup,anatomy,,body/internal organs
bothar,condition,,obstruction
braistid,symptom,,pain/breaking
bruighean,condition,,weakness/fragility
capaill,herb,,horse-related herb
caput,anatomy,,head
chronicum,condition,,chronic
confectio,cure,,mixture/confection
cor,anatomy,,heart
corpore,anatomy,,body
cortex,herb,,bark/cortex
decoctio,cure,,decoction/boiling
disease,condition,,disease
draoithe,practice,,magic/supernatural healing
electuarium,cure,,electuary/medicinal paste
febris,condition,,fever
fiadh,herb,,wild herb
flos,herb,,flower
folium,herb,,leaf
fír,symptom,,truth/authenticity in symptoms
fírinne,symptom,,truth/genuine symptoms
galair,condition,,sickness/disease (Irish)
galar,condition,,sickness/disease (Irish)
hepar,anatomy,,liver
hepate,anatomy,,liver (Latin)
herba,herb,,herb
iecur,anatomy,,liver
ill,condition,,illness
inflammatio,condition,,inflammation
infusio,cure,,infusion
intestina,anatomy,,intestines
leigheas,cure,,cure/healing (Irish)
lus,herb,,herb/plant (Irish)
membra,anatomy,,members/limbs
membrorurn,anatomy,,members/limbs (genitive)
muscula,anatomy,,muscles
nervi,anatomy,,nerves
oculus,anatomy,,eye
oleum,cure,,oil
osseum,anatomy,,bone
othar,condition,,sickness/patient (Irish)
plaga,condition,,wound/plague
pulmones,anatomy,,lungs
pulvis,cure,,powder
radix,herb,,root
sanguinem,anatomy,,blood
semen,herb,,seed
seneccha,herb,,groundsel/herb (Irish)
stomachus,anatomy,,stomach
syrupus,cure,,syrup
teiched,symptom,,flight/weakness
tinctura,cure,,tincture
tinn,condition,,illness/loss (Irish)
tumor,condition,,swelling/tumor
uenae,anatomy,,veins
uircutep,anatomy,,circulation/vessels
ulcus,condition,,ulcer
unguentum,cure,,ointment/unguent
vasa,anatomy,,vessels/containers
ventriculus,anatomy,,stomach/belly
