term,category,count,variants,meaning
"air","concept",14,"Airt|air","Medical term found 14 times"
"leaf","remedy",9,"leaf","Medical term found 9 times"
"cause","concept",6,"cause|caused","Medical term found 6 times"
"rub","treatment",5,"rubbed","Medical term found 5 times"
"oil","remedy",5,"Oilen|oil|Oilliol|Oilep","Medical term found 5 times"
"water","remedy",5,"water|Waterford","Medical term found 5 times"
"stone","condition",4,"Stone|stone","Medical term found 4 times"
"physician","concept",4,"physicians","Medical term found 4 times"
"plague","condition",3,"plague","Medical term found 3 times"
"hepate","anatomy",2,"hepate|Hepate","Medical term found 2 times"
"liver","anatomy",2,"liver","Medical term found 2 times"
"bone","anatomy",2,"bone","Medical term found 2 times"
"blood","anatomy",2,"Blood|blood","Medical term found 2 times"
"bath","treatment",2,"bathe|Bathcroghan","Medical term found 2 times"
"diet","concept",2,"Diet","Medical term found 2 times"
"heart","anatomy",1,"heart","Medical term found 1 times"
"bathe","treatment",1,"bathe","Medical term found 1 times"
"herb","remedy",1,"Herbert","Medical term found 1 times"
"plant","remedy",1,"plants","Medical term found 1 times"
"tincture","remedy",1,"tincture","Medical term found 1 times"
"exercise","concept",1,"exercises","Medical term found 1 times"
"cure","concept",1,"cure","Medical term found 1 times"
"medicine","concept",1,"medicines","Medical term found 1 times"
