folio,colour
f1r,none
f1v,none
f2r,white
f2v,white
f3r,none
f3v,blue
f4r,none
f4v,blue
f5r,none
f5v,red
f6r,green
f6v,blue
f7r,none
f7v,red
f8r,none
f8v,mixed
f9r,red
f9v,blue
f10r,blue
f10v,blue
f11r,blue
f11v,mixed
f13r,blue
f13v,blue
f14r,red
f14v,white
f15r,white
f15v,white
f16r,red
f16v,mixed
f17r,blue
f17v,red
f18r,blue
f18v,white
f19r,blue
f19v,blue
f20r,mixed
f20v,blue
f21r,none
f21v,blue
f22r,mixed
f22v,mixed
f23r,blue
f23v,blue
f24r,white
f24v,blue
f25r,none
f25v,none
f26r,blue
f26v,blue
f27r,none
f27v,white
f28r,white
f28v,green
f29r,red
f29v,blue
f30r,blue
f30v,white
f31r,white
f31v,mixed
f32r,blue
f32v,blue
f33r,green
f33v,blue
f34r,green
f34v,white
f35r,blue
f35v,blue
f36r,yellow
f36v,white
f37r,red
f37v,blue
f38r,none
f38v,blue
f39r,blue
f39v,blue
f40r,blue
f40v,mixed
f41r,green
f41v,blue
f42r,none
f42v,none
f43r,white
f43v,white
f44r,blue
f44v,white
f45r,blue
f45v,blue
f46r,white
f46v,mixed
f47r,none
f47v,blue
f48r,white
f48v,blue
f49r,mixed
f49v,blue
f50r,blue
f50v,blue
f51r,red
f51v,blue
f52r,blue
f52v,green
f53r,red
f53v,mixed
f54r,white
f54v,blue
f55r,mixed
f55v,blue
f56r,blue
f56v,blue
f57r,blue
f57v,none
f58r,none
f58v,none
f65r,white
f65v,blue
f66r,none
f66v,blue
