folio,leaf2
f1r,no
f1v,yes
f2r,no
f2v,no
f3r,yes
f3v,no
f4r,no
f4v,no
f5r,no
f5v,no
f6r,no
f6v,no
f7r,no
f7v,no
f8r,no
f8v,no
f9r,no
f9v,no
f10r,yes
f10v,no
f11r,no
f11v,yes
f13r,yes
f13v,yes
f14r,no
f14v,no
f15r,no
f15v,no
f16r,no
f16v,no
f17r,no
f17v,no
f18r,no
f18v,no
f19r,no
f19v,no
f20r,no
f20v,no
f21r,no
f21v,no
f22r,no
f22v,no
f23r,no
f23v,yes
f24r,no
f24v,no
f25r,no
f25v,no
f26r,no
f26v,no
f27r,no
f27v,no
f28r,no
f28v,no
f29r,yes
f29v,no
f30r,no
f30v,no
f31r,no
f31v,yes
f32r,no
f32v,no
f33r,no
f33v,yes
f34r,no
f34v,yes
f35r,yes
f35v,no
f36r,yes
f36v,no
f37r,no
f37v,no
f38r,no
f38v,yes
f39r,no
f39v,no
f40r,no
f40v,no
f41r,no
f41v,no
f42r,yes
f42v,no
f43r,no
f43v,no
f44r,yes
f44v,no
f45r,yes
f45v,yes
f46r,no
f46v,no
f47r,no
f47v,no
f48r,no
f48v,no
f49r,no
f49v,yes
f50r,yes
f50v,no
f51r,no
f51v,no
f52r,no
f52v,no
f53r,yes
f53v,no
f54r,no
f54v,no
f55r,no
f55v,no
f56r,no
f56v,no
f57r,no
f57v,no
f58r,no
f58v,no
f65r,no
f65v,no
f66r,no
f66v,no
