folio,paint_pixels,red,ochre,yellow,green,blue,other,group
f1r,531,0.8380,0.1620,0.0000,0.0000,0.0000,0.0000,4
f1v,48804,0.0000,0.0537,0.0000,0.9459,0.0004,0.0000,1
f2r,59429,0.1074,0.0013,0.0000,0.8913,0.0000,0.0000,1
f2v,102883,0.0001,0.0001,0.0000,0.9998,0.0000,0.0000,1
f3r,44604,0.5199,0.0237,0.0000,0.4564,0.0000,0.0000,4
f3v,76027,0.1334,0.0132,0.0000,0.5891,0.2644,0.0000,1
f4r,9737,0.5010,0.0055,0.0000,0.4876,0.0059,0.0000,4
f4v,18081,0.0010,0.3990,0.0000,0.2886,0.3114,0.0000,2
f5r,41162,0.0017,0.0015,0.0000,0.9923,0.0045,0.0000,1
f5v,32022,0.0418,0.0772,0.0000,0.8772,0.0038,0.0000,1
f6r,69833,0.0114,0.0037,0.0000,0.9845,0.0004,0.0000,1
f6v,47330,0.0004,0.0047,0.0000,0.9155,0.0794,0.0000,1
f7r,61306,0.1159,0.0948,0.0000,0.7893,0.0000,0.0000,1
f7v,48489,0.1268,0.0213,0.0000,0.8440,0.0079,0.0000,1
f8r,60881,0.0000,0.0260,0.0000,0.9739,0.0001,0.0000,1
f8v,81938,0.0112,0.1028,0.0000,0.8776,0.0084,0.0000,1
f9r,101787,0.1139,0.1605,0.0000,0.7253,0.0002,0.0000,1
f9v,42077,0.0001,0.1964,0.0000,0.6533,0.1503,0.0000,1
f10r,72852,0.1107,0.1804,0.0000,0.6103,0.0986,0.0000,1
f10v,54077,0.0001,0.1389,0.0000,0.8041,0.0568,0.0000,1
f11r,21558,0.0013,0.3669,0.0000,0.3332,0.2986,0.0000,2
f11v,83295,0.1760,0.3440,0.0000,0.4568,0.0232,0.0000,4
f13r,129786,0.2394,0.1985,0.0000,0.5559,0.0062,0.0000,4
f13v,44908,0.0082,0.3362,0.0000,0.6060,0.0495,0.0000,1
f14r,55203,0.1023,0.0938,0.0000,0.8031,0.0008,0.0000,1
f14v,72476,0.1900,0.0765,0.0000,0.7310,0.0025,0.0000,1
f15r,53028,0.1647,0.0463,0.0000,0.7820,0.0070,0.0000,1
f15v,66592,0.0026,0.0716,0.0000,0.9258,0.0000,0.0000,1
f16r,72199,0.0319,0.2406,0.0000,0.7274,0.0000,0.0000,1
f16v,81620,0.6245,0.0908,0.0000,0.0016,0.2831,0.0000,4
f17r,37426,0.0134,0.0604,0.0000,0.7934,0.1328,0.0000,1
f17v,60212,0.0560,0.3079,0.0000,0.6361,0.0000,0.0000,1
f18r,65538,0.0279,0.0536,0.0000,0.8552,0.0632,0.0000,1
f18v,68496,0.0051,0.1929,0.0000,0.8004,0.0016,0.0000,1
f19r,31523,0.0002,0.1233,0.0000,0.7181,0.1584,0.0000,1
f19v,56165,0.2010,0.0259,0.0000,0.7691,0.0040,0.0000,1
f20r,6610,0.3201,0.2369,0.0000,0.3543,0.0887,0.0000,4
f20v,15911,0.0001,0.0857,0.0000,0.7045,0.2097,0.0000,1
f21r,10559,0.0000,0.1326,0.0000,0.8674,0.0000,0.0000,1
f21v,27955,0.0272,0.1381,0.0000,0.6937,0.1411,0.0000,1
f22r,25182,0.2690,0.1595,0.0000,0.5040,0.0675,0.0000,4
f22v,50263,0.3016,0.1658,0.0000,0.5157,0.0169,0.0000,4
f23r,33638,0.0000,0.0560,0.0000,0.8684,0.0757,0.0000,1
f23v,76045,0.1228,0.2444,0.0000,0.6013,0.0314,0.0000,1
f24r,38401,0.0003,0.0252,0.0000,0.9744,0.0002,0.0000,1
f24v,68236,0.0143,0.2028,0.0000,0.6641,0.1189,0.0000,1
f25r,74918,0.0374,0.0105,0.0000,0.9521,0.0000,0.0000,1
f25v,80793,0.0041,0.0303,0.0000,0.9656,0.0000,0.0000,1
f26r,67093,0.0667,0.0087,0.0000,0.9132,0.0114,0.0000,1
f26v,73452,0.0832,0.0897,0.0000,0.7776,0.0494,0.0000,1
f27r,110818,0.0004,0.0397,0.0000,0.9596,0.0003,0.0000,1
f27v,71963,0.0143,0.0855,0.0000,0.8951,0.0051,0.0000,1
f28r,58985,0.1176,0.0326,0.0000,0.8467,0.0030,0.0000,1
f28v,23454,0.0001,0.0130,0.0000,0.9863,0.0006,0.0000,1
f29r,43398,0.0265,0.0466,0.0000,0.7802,0.1467,0.0000,1
f29v,13743,0.0004,0.0936,0.0000,0.8531,0.0529,0.0000,1
f30r,43915,0.0041,0.0849,0.0000,0.8873,0.0237,0.0000,1
f30v,60630,0.0007,0.9982,0.0000,0.0011,0.0000,0.0000,2
f31r,101469,0.3317,0.0220,0.0000,0.6463,0.0000,0.0000,4
f31v,45906,0.0991,0.2999,0.0000,0.5965,0.0045,0.0000,1
f32r,47288,0.0002,0.1012,0.0000,0.8757,0.0229,0.0000,1
f32v,19322,0.0003,0.1847,0.0000,0.5765,0.2386,0.0000,1
f33r,97321,0.0025,0.1465,0.0000,0.8509,0.0001,0.0000,1
f33v,75225,0.0000,0.1380,0.0000,0.7805,0.0814,0.0000,1
f34r,80007,0.1741,0.0630,0.0000,0.7596,0.0032,0.0000,1
f34v,63257,0.0548,0.5289,0.0000,0.4163,0.0000,0.0000,2
f35r,87697,0.0324,0.7466,0.0000,0.1844,0.0366,0.0000,2
f35v,74675,0.1171,0.1109,0.0000,0.7676,0.0045,0.0000,1
f36r,64179,0.0462,0.2047,0.0000,0.7449,0.0042,0.0000,1
f36v,42990,0.0854,0.0990,0.0000,0.8156,0.0000,0.0000,1
f37r,41097,0.0317,0.2067,0.0000,0.7616,0.0000,0.0000,1
f37v,66643,0.0061,0.0377,0.0000,0.9235,0.0327,0.0000,1
f38r,85559,0.0146,0.0331,0.0000,0.9522,0.0001,0.0000,1
f38v,62762,0.0204,0.1497,0.0000,0.7901,0.0398,0.0000,1
f39r,113292,0.0499,0.0916,0.0000,0.8300,0.0286,0.0000,1
f39v,76228,0.0557,0.1496,0.0000,0.7661,0.0285,0.0000,1
f40r,70517,0.0277,0.1202,0.0000,0.8178,0.0343,0.0000,1
f40v,91255,0.2454,0.0605,0.0000,0.6462,0.0479,0.0000,1
f41r,10163,0.0008,0.1199,0.0000,0.8793,0.0000,0.0000,1
f41v,97661,0.1505,0.0181,0.0000,0.8092,0.0222,0.0000,1
f42r,55556,0.2719,0.0385,0.0000,0.6896,0.0000,0.0000,1
f42v,73420,0.0122,0.0593,0.0000,0.9286,0.0000,0.0000,1
f43r,37531,0.4111,0.2157,0.0000,0.3509,0.0223,0.0000,4
f43v,35604,0.0001,0.1605,0.0000,0.8340,0.0053,0.0000,1
f44r,37554,0.0773,0.0087,0.0000,0.5785,0.3355,0.0000,1
f44v,36538,0.0108,0.0339,0.0000,0.9551,0.0002,0.0000,1
f45r,32631,0.1099,0.2189,0.0000,0.5512,0.1200,0.0000,1
f45v,15160,0.2072,0.5567,0.0000,0.0447,0.1914,0.0000,2
f46r,57294,0.0360,0.0561,0.0000,0.9044,0.0035,0.0000,1
f46v,54917,0.0137,0.0294,0.0000,0.8962,0.0606,0.0000,1
f47r,149075,0.0287,0.0031,0.0000,0.9658,0.0024,0.0000,1
f47v,126735,0.0020,0.1519,0.0000,0.8255,0.0206,0.0000,1
f48r,26705,0.0740,0.0417,0.0000,0.8824,0.0019,0.0000,1
f48v,50288,0.0001,0.0884,0.0000,0.8915,0.0200,0.0000,1
f49r,92843,0.0867,0.2370,0.0000,0.6611,0.0152,0.0000,1
f49v,38737,0.0001,0.0857,0.0000,0.8899,0.0243,0.0000,1
f50r,49546,0.0089,0.1683,0.0000,0.4909,0.3319,0.0000,1
f50v,74522,0.0031,0.2558,0.0000,0.6245,0.1166,0.0000,1
f51r,55398,0.3079,0.0302,0.0000,0.6619,0.0000,0.0000,4
f51v,59941,0.0000,0.1334,0.0000,0.8170,0.0496,0.0000,1
f52r,100800,0.2615,0.0010,0.0000,0.7324,0.0052,0.0000,1
f52v,50017,0.0004,0.0673,0.0000,0.9323,0.0001,0.0000,1
f53r,16194,0.1512,0.4332,0.0000,0.4156,0.0000,0.0000,2
f53v,27249,0.0636,0.3363,0.0000,0.5323,0.0679,0.0000,1
f54r,5208,0.0202,0.0311,0.0000,0.9487,0.0000,0.0000,1
f54v,59713,0.2540,0.0741,0.0000,0.5855,0.0863,0.0000,4
f55r,62987,0.1800,0.0478,0.0000,0.7481,0.0240,0.0000,1
f55v,152894,0.0787,0.1768,0.0000,0.7420,0.0025,0.0000,1
f56r,31198,0.0000,0.1767,0.0000,0.0882,0.7351,0.0000,3
f56v,96147,0.0347,0.0199,0.0000,0.9382,0.0073,0.0000,1
f57r,25668,0.0006,0.0339,0.0000,0.8449,0.1207,0.0000,1
f57v,6125,0.0000,1.0000,0.0000,0.0000,0.0000,0.0000,2
f58r,48,0.1875,0.8125,0.0000,0.0000,0.0000,0.0000,2
f58v,2319,0.0000,1.0000,0.0000,0.0000,0.0000,0.0000,2
f65r,56831,0.4723,0.0076,0.0000,0.5201,0.0000,0.0000,4
f65v,13443,0.0002,0.0985,0.0000,0.7967,0.1046,0.0000,1
f66r,1890,0.0000,1.0000,0.0000,0.0000,0.0000,0.0000,2
f66v,23598,0.2225,0.0274,0.0000,0.7262,0.0239,0.0000,1
f87r,46911,0.2916,0.0863,0.0000,0.6160,0.0061,0.0000,4
f87v,103038,0.1688,0.1343,0.0000,0.6970,0.0000,0.0000,1
f90r1,43341,0.0701,0.1664,0.0000,0.7635,0.0000,0.0000,1
f90v1,60941,0.0000,0.2524,0.0000,0.7101,0.0376,0.0000,1
f93r,125533,0.0334,0.0745,0.0000,0.8914,0.0007,0.0000,1
f93v,79802,0.1527,0.4503,0.0000,0.3971,0.0000,0.0000,2
f94r,64788,0.0468,0.1548,0.0000,0.7798,0.0186,0.0000,1
f95v1,63939,0.2622,0.0202,0.0000,0.7098,0.0079,0.0000,1
f96r,74003,0.0000,0.1548,0.0000,0.8443,0.0009,0.0000,1
f96v,61828,0.0426,0.0707,0.0000,0.8867,0.0000,0.0000,1
