folio,published,source
f2r,Cyanus silvestris / Centaurea / Cyanus?,"O'Neill; Holm; ELV (voynich.nu/extra/herb_oldid.html)"
f2v,Egyptian lotus / Colocasia; Villarsia?; Nymphaea alba suggested,"Th. Petersen; ELV; Wikibooks"
f6v,castor oil plant (Ricinus),"Th. Petersen; ELV"
f9v,Viola tricolor (pansy),"O'Neill; ELV; Th. Petersen"
f15v,Herba Paris; Lilium?,"Th. Petersen; ELV"
f16r,hemp (Cannabis); Aconitum?,"Th. Petersen; ELV"
f32v,Campanula / Rapunculus / Convolvulus?; Malva?,"Th. Petersen; ELV"
f34v,Libanotis; Eryngium?,"Th. Petersen; ELV"
f35r,Leonurus? orchid root?,"Th. Petersen"
f42r,Arum sagittarium; Ranunculus?,"Th. Petersen; ELV"
f93r,sunflower (Helianthus),"O'Neill"
f93v,none listed,
