panel,star,x,y,centre,label_reading,zl_label,plant_match
f68r2,1,1003,353,plain,o + stretched gallows + olchchy,f68r2.7 o@167olchchy,yes
f68r2,2,943,400,ring,cheorol,f68r2.8 cheorol,
f68r2,3,1057,410,plain,odaiin,f68r2.9 odaiin,
f68r2,4,1180,385,plain,ochory,f68r2.10 ochory,
f68r2,5,903,470,plain,shdar,f68r2.11 shdar,
f68r2,6,993,490,plain,dchol,f68r2.12 dchol,
f68r2,7,1155,485,plain,todaraiily,f68r2.13 todaraiily,
f68r2,8,1227,453,ring,olcheesey,f68r2.14 olcheesey,
f68r2,9,890,550,plain,okchor,f68r2.15 okchor,
f68r2,10,977,560,plain,oteool?,f68r2.16 oteool,
f68r2,11,1143,537,plain,oydchy,f68r2.17 oydchy,yes
f68r2,12,1293,528,ring,okeeeody,f68r2.18 okeeeody,
f68r2,13,893,610,ring,cholar,f68r2.19 cholar,
f68r2,14,1007,625,plain,dcheoldy,f68r2.20 dcheoldy,
f68r2,15,1193,590,plain,oteeear,f68r2.21 oteeear,
f68r2,16,947,697,plain,otoeeo?,f68r2.22 otoeeo,
f68r2,17,1063,695,plain,ofcheody,f68r2.23 ofcheody,
f68r2,18,1163,657,plain,otcheodar,f68r2.24 otcheodar,
f68r2,19,1293,633,ring,odair.chol,f68r2.25 odair.chol,
f68r2,20,997,760,plain,opocphor,f68r2.26 opocphor,yes
f68r2,21,1237,697,plain,chodar,f68r2.28 chodar,
f68r2,22,1320,690,ring,sheey,f68r2.29 sheey,
f68r2,23,1220,760,plain,okeeeeor,f68r2.30 ok[eeee]or,
f68r3,1,1802,725,plain,otydg,f68r3.19 otydg,yes
