page,sign,month,figures,in_tubs,note
f70v2,Pisces,March,29,27,almost all in tubs or barrels; some tubs with green water
f70v1,Aries (dark),April,15,12,most in barrels or tubs
f71r,Aries (light),April,15,15,all clothed women in tubs or boxes
f71v,Taurus (dark),May,15,10,coloured clothed figures in tubs; lower ones less clear
f72r1,Taurus (light),May,15,2,mostly bare figures; one or two in tubs
f72r2,Gemini,June,30,2,mostly bare standing; one or two in tubs (lower left)
f72r3,Cancer,July,30,0,bare standing figures
f72v3,Leo,August,30,0,bare standing figures
f72v2,Virgo,September,30,0,bare standing figures
f72v1,Libra,October,30,0,bare standing figures
f73r,Scorpio,November,30,0,"bare standing figures (from Erin's earlier screenshots)"
f73v,Sagittarius,December,30,0,"bare standing figures (from Erin's earlier screenshots)"
