_folio,heat,medium,outlet,reflux,retain,drain,unmapped,N,SMALL_N,dominant,drain_share
f100r,16,7,25,13,0,3,46,110,False,unmapped,0.02727272727272727
f100v,14,2,19,10,0,0,48,93,False,unmapped,0.0
f101r,33,24,51,31,0,2,86,227,False,unmapped,0.00881057268722467
f101v,31,22,38,33,0,3,88,215,False,unmapped,0.013953488372093023
f102r1,22,12,19,13,0,2,39,107,False,unmapped,0.018691588785046728
f102r2,32,9,19,12,0,2,70,144,False,unmapped,0.013888888888888888
f102v1,29,13,17,12,0,2,55,128,False,unmapped,0.015625
f102v2,49,6,12,29,0,0,94,190,False,unmapped,0.0
f103r,160,19,55,33,21,7,236,531,False,unmapped,0.013182674199623353
f103v,102,21,44,46,16,7,218,454,False,unmapped,0.015418502202643172
f104r,116,41,34,59,3,14,181,448,False,unmapped,0.03125
f104v,119,41,34,54,1,11,216,476,False,unmapped,0.023109243697478993
f105r,67,40,32,33,3,9,195,379,False,unmapped,0.023746701846965697
f105v,56,68,32,46,0,7,190,399,False,unmapped,0.017543859649122806
f106r,98,46,43,53,7,8,177,432,False,unmapped,0.018518518518518517
f106v,91,51,40,51,7,12,192,444,False,unmapped,0.02702702702702703
f107r,102,60,72,45,3,8,197,487,False,unmapped,0.01642710472279261
f107v,129,53,60,35,5,8,172,462,False,unmapped,0.017316017316017316
f108r,162,27,53,33,4,16,199,494,False,unmapped,0.032388663967611336
f108v,165,46,66,38,14,19,233,581,False,unmapped,0.03270223752151463
f10r,12,12,8,20,0,1,39,92,False,unmapped,0.010869565217391304
f10v,11,11,5,5,0,0,25,57,False,unmapped,0.0
f111r,137,40,55,45,11,17,319,624,False,unmapped,0.027243589743589744
f111v,133,24,48,52,11,13,286,567,False,unmapped,0.02292768959435626
f112r,103,23,33,47,4,15,176,401,False,unmapped,0.03740648379052369
f112v,99,45,49,42,5,15,164,419,False,unmapped,0.03579952267303103
f113r,96,55,62,64,6,9,237,529,False,unmapped,0.017013232514177693
f113v,99,60,57,68,2,14,202,502,False,unmapped,0.027888446215139442
f114r,91,62,38,31,3,8,227,460,False,unmapped,0.017391304347826087
f114v,97,49,32,15,5,9,169,376,False,unmapped,0.023936170212765957
f115r,121,28,29,65,3,5,208,459,False,unmapped,0.010893246187363835
f115v,82,26,29,33,7,12,221,410,False,unmapped,0.02926829268292683
f116r,114,18,43,51,9,16,302,553,False,unmapped,0.028933092224231464
f116v,0,0,0,1,0,0,1,2,True,reflux,0.0
f11r,4,10,7,4,0,0,34,59,False,unmapped,0.0
f11v,7,1,3,7,0,1,31,50,False,unmapped,0.02
f13r,14,5,10,9,0,0,39,77,False,unmapped,0.0
f13v,13,6,11,3,0,0,36,69,False,unmapped,0.0
f14r,9,7,7,7,0,0,46,76,False,unmapped,0.0
f14v,6,8,3,4,0,1,53,75,False,unmapped,0.013333333333333334
f15r,11,16,8,10,0,0,49,94,False,unmapped,0.0
f15v,7,7,10,17,0,0,30,71,False,unmapped,0.0
f16r,9,10,6,7,0,0,52,84,False,unmapped,0.0
f16v,8,4,8,14,0,0,42,76,False,unmapped,0.0
f17r,12,1,6,13,0,3,45,80,False,unmapped,0.0375
f17v,22,12,32,32,0,0,37,135,False,unmapped,0.0
f18r,12,9,16,19,0,0,28,84,False,unmapped,0.0
f18v,19,2,6,10,0,2,30,69,False,unmapped,0.028985507246376812
f19r,10,10,5,19,0,0,32,76,False,unmapped,0.0
f19v,16,13,10,14,0,1,24,78,False,unmapped,0.01282051282051282
f1r,12,25,25,29,0,1,122,214,False,unmapped,0.004672897196261682
f1v,5,3,24,11,0,2,47,92,False,unmapped,0.021739130434782608
f20r,13,13,10,5,0,0,47,88,False,unmapped,0.0
f20v,7,9,13,7,0,0,50,86,False,unmapped,0.0
f21r,14,12,16,10,0,0,52,104,False,unmapped,0.0
f21v,7,12,8,1,0,0,30,58,False,unmapped,0.0
f22r,13,18,16,14,0,1,48,110,False,unmapped,0.00909090909090909
f22v,13,15,6,11,0,2,30,77,False,unmapped,0.025974025974025976
f23r,20,9,17,15,0,3,46,110,False,unmapped,0.02727272727272727
f23v,16,5,22,15,0,2,35,95,False,unmapped,0.021052631578947368
f24r,21,6,19,21,0,7,36,110,False,unmapped,0.06363636363636363
f24v,10,4,13,12,0,3,43,85,False,unmapped,0.03529411764705882
f25r,7,7,0,4,0,0,29,47,False,unmapped,0.0
f25v,10,13,5,8,0,0,23,59,False,unmapped,0.0
f26r,14,9,3,2,2,1,59,90,False,unmapped,0.011111111111111112
f26v,16,4,2,13,2,0,56,93,False,unmapped,0.0
f27r,2,4,14,7,0,2,65,94,False,unmapped,0.02127659574468085
f27v,6,0,4,5,0,0,46,61,False,unmapped,0.0
f28r,9,7,15,11,0,1,25,68,False,unmapped,0.014705882352941176
f28v,10,7,8,11,0,1,31,68,False,unmapped,0.014705882352941176
f29r,12,6,2,9,0,0,36,65,False,unmapped,0.0
f29v,7,10,8,13,0,0,56,94,False,unmapped,0.0
f2r,5,14,15,11,0,0,59,104,False,unmapped,0.0
f2v,3,8,8,11,0,1,30,61,False,unmapped,0.01639344262295082
f30r,11,9,5,15,0,0,59,99,False,unmapped,0.0
f30v,4,10,8,8,0,0,33,63,False,unmapped,0.0
f31r,25,10,9,8,2,1,48,103,False,unmapped,0.009708737864077669
f31v,23,10,8,15,1,3,50,110,False,unmapped,0.02727272727272727
f32r,11,9,16,8,0,1,31,76,False,unmapped,0.013157894736842105
f32v,5,17,9,9,0,1,48,89,False,unmapped,0.011235955056179775
f33r,15,13,6,14,1,3,22,74,False,unmapped,0.04054054054054054
f33v,15,9,6,22,0,7,54,113,False,unmapped,0.061946902654867256
f34r,21,7,7,17,2,7,82,143,False,unmapped,0.04895104895104895
f34v,17,13,7,16,3,5,56,117,False,unmapped,0.042735042735042736
f35r,9,28,7,10,0,0,40,94,False,unmapped,0.0
f35v,8,15,9,14,0,0,44,90,False,unmapped,0.0
f36r,10,7,6,6,0,0,33,62,False,unmapped,0.0
f36v,9,12,6,11,0,0,38,76,False,unmapped,0.0
f37r,17,12,8,13,0,0,28,78,False,unmapped,0.0
f37v,11,20,5,13,0,0,40,89,False,unmapped,0.0
f38r,8,7,1,6,0,0,22,44,False,unmapped,0.0
f38v,10,11,7,4,0,0,35,67,False,unmapped,0.0
f39r,16,22,15,20,4,4,76,157,False,unmapped,0.025477707006369428
f39v,20,15,9,33,1,5,63,146,False,unmapped,0.03424657534246575
f3r,26,6,18,19,0,10,35,114,False,unmapped,0.08771929824561403
f3v,13,5,10,16,0,6,35,85,False,unmapped,0.07058823529411765
f40r,25,11,5,20,0,4,38,103,False,unmapped,0.038834951456310676
f40v,28,12,5,9,0,3,48,105,False,unmapped,0.02857142857142857
f41r,23,1,4,1,3,1,64,97,False,unmapped,0.010309278350515464
f41v,17,7,7,4,0,1,30,66,False,unmapped,0.015151515151515152
f42r,7,21,29,14,0,3,66,140,False,unmapped,0.02142857142857143
f42v,12,13,14,10,0,1,65,115,False,unmapped,0.008695652173913044
f43r,20,10,8,18,3,5,89,153,False,unmapped,0.032679738562091505
f43v,20,9,7,12,3,4,96,151,False,unmapped,0.026490066225165563
f44r,16,3,9,4,0,2,40,74,False,unmapped,0.02702702702702703
f44v,10,11,26,7,0,0,46,100,False,unmapped,0.0
f45r,15,9,16,16,0,1,32,89,False,unmapped,0.011235955056179775
f45v,14,3,8,12,0,1,47,85,False,unmapped,0.011764705882352941
f46r,16,14,15,12,2,6,98,163,False,unmapped,0.03680981595092025
f46v,16,9,4,11,5,6,60,111,False,unmapped,0.05405405405405406
f47r,5,10,17,6,0,2,36,76,False,unmapped,0.02631578947368421
f47v,3,8,11,7,0,0,56,85,False,unmapped,0.0
f48r,11,8,13,4,0,4,49,89,False,unmapped,0.0449438202247191
f48v,11,3,11,14,2,6,81,128,False,unmapped,0.046875
f49r,12,9,15,19,0,0,59,114,False,unmapped,0.0
f49v,12,19,23,12,0,1,95,162,False,unmapped,0.006172839506172839
f4r,8,13,12,7,0,0,24,64,False,unmapped,0.0
f4v,10,10,4,10,0,1,48,83,False,unmapped,0.012048192771084338
f50r,19,9,5,17,1,3,39,93,False,unmapped,0.03225806451612903
f50v,29,9,2,14,1,2,43,100,False,unmapped,0.02
f51r,16,12,17,6,0,3,35,89,False,unmapped,0.033707865168539325
f51v,17,14,11,3,0,1,36,82,False,unmapped,0.012195121951219513
f52r,14,3,3,9,1,6,33,69,False,unmapped,0.08695652173913043
f52v,7,6,15,21,0,2,27,78,False,unmapped,0.02564102564102564
f53r,10,1,7,6,0,1,35,60,False,unmapped,0.016666666666666666
f53v,11,10,7,3,0,3,39,73,False,unmapped,0.0410958904109589
f54r,7,7,27,17,0,7,45,110,False,unmapped,0.06363636363636363
f54v,18,10,18,9,0,8,30,93,False,unmapped,0.08602150537634409
f55r,24,15,13,19,0,3,50,124,False,unmapped,0.024193548387096774
f55v,19,15,7,16,0,3,45,105,False,unmapped,0.02857142857142857
f56r,9,6,16,9,0,0,63,103,False,unmapped,0.0
f56v,10,10,24,8,0,0,39,91,False,unmapped,0.0
f57r,11,4,3,1,1,6,61,87,False,unmapped,0.06896551724137931
f57v,9,7,12,10,0,2,142,182,False,unmapped,0.01098901098901099
f58r,42,23,75,73,1,20,144,378,False,unmapped,0.05291005291005291
f58v,111,26,50,48,0,14,126,375,False,unmapped,0.037333333333333336
f5r,11,4,1,3,0,0,35,54,False,unmapped,0.0
f5v,3,10,11,8,0,0,15,47,False,unmapped,0.0
f65r,0,0,0,0,0,2,1,3,True,drain,0.6666666666666666
f65v,7,1,2,1,1,0,33,45,False,unmapped,0.0
f66r,64,18,38,25,9,2,188,344,False,unmapped,0.005813953488372093
f66v,17,7,19,11,1,3,56,114,False,unmapped,0.02631578947368421
f67r1,13,15,14,22,0,5,98,167,False,unmapped,0.029940119760479042
f67r2,20,20,12,25,0,5,108,190,False,unmapped,0.02631578947368421
f67v1,9,2,6,5,0,2,49,73,False,unmapped,0.0273972602739726
f67v2,11,3,7,9,0,7,25,62,False,unmapped,0.11290322580645161
f68r1,14,1,4,12,0,1,33,65,False,unmapped,0.015384615384615385
f68r2,22,1,10,12,0,1,35,81,False,unmapped,0.012345679012345678
f68r3,22,5,14,3,0,0,62,106,False,unmapped,0.0
f68v1,9,4,8,5,0,1,70,97,False,unmapped,0.010309278350515464
f68v2,13,4,8,5,0,2,71,103,False,unmapped,0.019417475728155338
f68v3,31,7,30,12,0,1,88,169,False,unmapped,0.005917159763313609
f69r,21,7,19,24,0,7,80,158,False,unmapped,0.04430379746835443
f69v,25,2,14,18,0,1,80,140,False,unmapped,0.007142857142857143
f6r,5,12,9,23,0,5,32,86,False,unmapped,0.05813953488372093
f6v,11,4,10,25,0,6,59,115,False,unmapped,0.05217391304347826
f70r1,17,2,15,13,0,2,63,112,False,unmapped,0.017857142857142856
f70r2,20,11,54,24,1,10,126,246,False,unmapped,0.04065040650406504
f70v1,11,9,13,5,0,1,47,86,False,unmapped,0.011627906976744186
f70v2,11,11,19,17,0,7,66,131,False,unmapped,0.05343511450381679
f71r,14,4,13,12,0,2,45,90,False,unmapped,0.022222222222222223
f71v,13,8,14,22,0,2,41,100,False,unmapped,0.02
f72r1,15,13,19,17,0,6,35,105,False,unmapped,0.05714285714285714
f72r2,25,14,15,6,0,6,47,113,False,unmapped,0.05309734513274336
f72r3,18,19,22,16,0,4,85,164,False,unmapped,0.024390243902439025
f72v1,14,8,8,14,1,2,57,104,False,unmapped,0.019230769230769232
f72v2,17,7,11,8,0,3,62,108,False,unmapped,0.027777777777777776
f72v3,25,7,8,10,3,2,63,118,False,unmapped,0.01694915254237288
f73r,12,6,8,12,0,3,55,96,False,unmapped,0.03125
f73v,19,4,4,8,3,3,58,99,False,unmapped,0.030303030303030304
f75r,124,3,33,43,16,6,193,418,False,unmapped,0.014354066985645933
f75v,106,6,44,20,7,1,175,359,False,unmapped,0.002785515320334262
f76r,148,18,50,43,31,2,277,569,False,unmapped,0.0035149384885764497
f76v,89,28,30,21,13,2,217,400,False,unmapped,0.005
f77r,113,22,33,12,14,1,137,332,False,unmapped,0.0030120481927710845
f77v,101,16,53,20,20,2,120,332,False,unmapped,0.006024096385542169
f78r,77,14,31,24,10,3,139,298,False,unmapped,0.010067114093959731
f78v,75,7,49,25,13,2,124,295,False,unmapped,0.006779661016949152
f79r,93,12,57,27,13,3,178,383,False,unmapped,0.007832898172323759
f79v,114,8,35,23,3,6,167,356,False,unmapped,0.016853932584269662
f7r,7,7,7,3,0,0,42,66,False,unmapped,0.0
f7v,9,10,10,6,0,0,43,78,False,unmapped,0.0
f80r,134,13,58,31,12,3,195,446,False,unmapped,0.006726457399103139
f80v,107,11,64,29,9,1,155,376,False,unmapped,0.0026595744680851063
f81r,48,6,34,16,9,1,96,210,False,unmapped,0.004761904761904762
f81v,64,14,38,14,7,1,117,255,False,unmapped,0.00392156862745098
f82r,98,17,23,12,10,2,129,291,False,unmapped,0.006872852233676976
f82v,113,8,42,13,10,3,130,319,False,unmapped,0.009404388714733543
f83r,85,20,40,20,19,1,160,345,False,unmapped,0.002898550724637681
f83v,96,7,37,13,17,1,90,261,False,heat,0.0038314176245210726
f84r,90,11,38,45,19,5,160,368,False,unmapped,0.01358695652173913
f84v,103,16,48,19,18,4,133,341,False,unmapped,0.011730205278592375
f85r1,61,32,28,55,4,13,154,347,False,unmapped,0.037463976945244955
f85r2,24,19,9,28,7,3,66,156,False,unmapped,0.019230769230769232
f86v3,47,37,11,32,5,14,135,281,False,unmapped,0.0498220640569395
f86v4,18,14,14,39,5,3,98,191,False,unmapped,0.015706806282722512
f86v5,47,61,42,65,3,15,157,390,False,unmapped,0.038461538461538464
f86v6,103,54,52,95,2,12,172,490,False,unmapped,0.024489795918367346
f87r,5,12,16,14,0,1,54,102,False,unmapped,0.00980392156862745
f87v,11,4,14,8,0,2,53,92,False,unmapped,0.021739130434782608
f88r,23,7,33,29,0,6,52,150,False,unmapped,0.04
f88v,26,16,15,14,1,4,69,145,False,unmapped,0.027586206896551724
f89r1,25,17,23,4,0,7,65,141,False,unmapped,0.04964539007092199
f89r2,47,28,43,18,0,2,96,234,False,unmapped,0.008547008547008548
f89v1,30,18,24,16,0,3,63,154,False,unmapped,0.01948051948051948
f89v2,26,21,13,24,0,10,87,181,False,unmapped,0.055248618784530384
f8r,8,17,21,15,0,3,86,150,False,unmapped,0.02
f8v,4,18,25,28,0,1,42,118,False,unmapped,0.00847457627118644
f90r1,22,1,10,9,0,1,26,69,False,unmapped,0.014492753623188406
f90r2,11,6,7,3,0,0,20,47,False,unmapped,0.0
f90v1,14,6,17,11,0,1,47,96,False,unmapped,0.010416666666666666
f90v2,9,5,12,3,0,1,38,68,False,unmapped,0.014705882352941176
f93r,14,10,37,13,0,6,72,152,False,unmapped,0.039473684210526314
f93v,17,5,14,8,0,2,42,88,False,unmapped,0.022727272727272728
f94r,16,11,5,12,0,3,32,79,False,unmapped,0.0379746835443038
f94v,21,8,9,13,0,2,44,97,False,unmapped,0.020618556701030927
f95r1,19,14,7,13,0,1,48,102,False,unmapped,0.00980392156862745
f95r2,19,7,9,10,0,4,30,79,False,unmapped,0.05063291139240506
f95v1,26,11,9,12,4,2,54,118,False,unmapped,0.01694915254237288
f95v2,14,6,2,9,2,0,27,60,False,unmapped,0.0
f96r,7,6,18,20,0,0,33,84,False,unmapped,0.0
f96v,2,2,4,16,0,0,32,56,False,unmapped,0.0
f99r,47,14,33,19,0,2,79,194,False,unmapped,0.010309278350515464
f99v,64,11,29,12,0,3,57,176,False,heat,0.017045454545454544
f9r,9,12,9,13,0,1,41,85,False,unmapped,0.011764705882352941
f9v,9,13,11,13,0,0,40,86,False,unmapped,0.0
fros,87,45,50,99,2,14,242,539,False,unmapped,0.025974025974025976
